{"cameraMode":{"drawMode":0,"name":"Shaded","section":"Shading Mode"},"sceneLighting":true,"audioPlay":false,"sceneViewState":{"showFog":true,"showMaterialUpdate":false,"showSkybox":true,"showFlares":true,"showImageEffects":true,"showParticleSystems":true},"in2DMode":false,"pivot":{"x":10.58337688446045,"y":4.227256774902344,"z":36.63888168334961},"rotation":{"x":0.04130545258522034,"y":-0.9352641701698303,"z":0.11647401750087738,"w":0.33167552947998049},"size":30.964876174926759,"orthographic":true}