{"cameraMode":{"drawMode":0,"name":"Shaded","section":"Shading Mode"},"sceneLighting":true,"audioPlay":false,"sceneViewState":{"showFog":true,"showMaterialUpdate":false,"showSkybox":true,"showFlares":true,"showImageEffects":true,"showParticleSystems":true},"in2DMode":false,"pivot":{"x":-1.5294952392578126,"y":-1.4159941673278809,"z":1.0177536010742188},"rotation":{"x":0.3025837242603302,"y":-0.32418397068977358,"z":0.11028026789426804,"w":0.8894864916801453},"size":57.64181137084961,"orthographic":true}