{"cameraMode":{"drawMode":0,"name":"Shaded","section":"Shading Mode"},"sceneLighting":true,"audioPlay":false,"sceneViewState":{"showFog":true,"showMaterialUpdate":false,"showSkybox":true,"showFlares":true,"showImageEffects":true,"showParticleSystems":true},"in2DMode":false,"pivot":{"x":-0.7985162734985352,"y":5.6125030517578129,"z":3.33648681640625},"rotation":{"x":0.14523613452911378,"y":-0.1887224167585373,"z":0.028233133256435396,"w":0.9708209037780762},"size":29.938961029052736,"orthographic":true}