{"cameraMode":{"drawMode":0,"name":"Shaded","section":"Shading Mode"},"sceneLighting":true,"audioPlay":false,"sceneViewState":{"showFog":true,"showMaterialUpdate":false,"showSkybox":true,"showFlares":true,"showImageEffects":true,"showParticleSystems":true},"in2DMode":false,"pivot":{"x":11.866687774658204,"y":5.597095489501953,"z":-3.26953125},"rotation":{"x":0.20927579700946809,"y":-0.2836056351661682,"z":0.06356873363256455,"w":0.9336651563644409},"size":61.602081298828128,"orthographic":true}